#Sno.,PCE,polarizability,delLA,delLD,N_atom,Eg,lamda_h,DIP,AL-DH,delHD,E_bind,DL-AL,delGE,E_T1
29,7.8,1267.351,0.0334700048,0.0462593563,68,454.6,0.3676228316,6.4288673607,3.5845558804,0.3855853399,2.0182718391,0.5289893442,1.3340104085,1.8951
33,7.72,1424.9673333333,0.0334700048,0.0533343166,78,454.73,0.3483217955,6.4045539873,3.5810184002,0.3880343647,1.9843906555,0.5224586116,1.4004752372,1.9001
276,1.54,351.5596666667,0.077824564,0.7488573432,25,436.05,0.184363943,7.0437883568,3.9565355273,1.4220670334,2.7823997669,0.6544338338,4.5992484527,1.777
275,1.74,435.703,0.077824564,2.0740518425,20,448.11,0.3742101639,6.8151264543,3.7608856618,1.424788172,2.4750098309,0.5583776411,3.0701093091,1.4173
268,2.59,375.1253333333,0.077824564,0.7415102691,25,440.92,0.1688069215,6.9171865671,3.8531322604,1.4555370382,2.7384480358,0.7224622988,18.4067418111,1.7498
273,2.1,375.0286666667,0.077824564,0.0002721139,30,467.38,0.118252248,6.7525383617,3.6041480784,2.1848021835,2.7065091325,0.6664068436,1.1569559801,1.5791
271,2.5,610.1686666667,0.077824564,0.0010884554,42,531.64,0.0799960326,6.1240067746,3.1010095508,1.8084687149,2.3078815748,0.7096729474,0.5798863078,1.3228
278,1.17,494.5706666667,0.077824564,1.9886080903,25,470.17,0.4878239591,6.3256986561,3.2993805549,1.1621982969,2.4367612907,0.9279082633,2.9103855518,1.3499
277,1.34,760.187,0.077824564,1.9747302835,33,520.25,0.4413137139,6.1358293055,3.1709428129,0.8936219169,2.3080625386,0.8087223925,3.2839198742,1.2684
204,4.4,547.618,0.0334700048,1.2451930243,38,509.61,0.4620057961,6.4598203123,3.5059149748,0.9461398919,2.4139041815,0.4732060029,0.0011,1.1141
274,1.76,642.9906666667,0.077824564,1.4672379342,40,479.03,0.523117671,6.6576718509,3.6438767019,0.3711633054,2.4258788299,0.5439556065,0.6806006979,1.6879
272,2.3,212.294,0.077824564,1.7600324478,18,421.85,0.1701173674,6.7311766073,3.4125799208,1.6617993442,3.1601559782,1.2351248114,0,1.5937
280,0.5,475.5143333333,0.077824564,2.0188127289,26,598.59,0.2103587079,6.1628208235,3.0626414966,1.5662873793,2.4751035416,0.4879001513,0.0006082763,0.7555
279,1,578.8093333333,0.077824564,1.9018037689,24,489.94,0.2030821112,6.2241846758,3.1682216743,1.4114545929,2.4437942888,0.9197448475,0.0312936096,1.3575
63,6.68,1392.4646666667,0.0334700048,0.0421776483,64,477.89,0.4602354233,6.1837752234,3.373123411,0.556744958,1.9200870348,0.5504863392,1.1123650345,1.855
256,3.3,1407.124,0.0334700048,0.0443545592,56,485.2,0.4356423169,6.2034158576,3.3943482921,0.5006895028,1.9256971657,0.4990568196,1.3285414973,1.7834
209,4.33,1494.616,0.0334700048,0.0345584602,64,495.29,0.4308751541,6.3242466565,3.5227860341,0.5510305669,1.8243512095,0.2424534495,1.7698820243,1.7669
251,3.5,950.3766666667,0.0334700048,0.2538822316,60,484.33,0.4205185006,6.3675894964,3.5029217223,0.4797367356,2.1448204738,0.4922539731,0,1.743
1,9.84,2609.936,0.0334700048,0.0092518713,130,530.36,0.3444852622,6.2101689072,3.4068655297,0.2187795436,1.7272484074,0.1491183954,1.6351711531,1.6513
38,7.55,1105.6266666667,0.0334700048,0.0432661038,59,466.08,0.5856072584,6.5929558279,3.7217012659,0.5224586116,1.9896770138,0.2693927216,2.6022152063,1.8935
23,7.91,1156.0256666667,0.0334700048,0.0323815494,62,457.98,0.6016178936,6.6020422539,3.7589808648,0.4517090079,1.9220641167,0.2742907711,2.8572023975,1.9151
74,6.38,1183.7433333333,0.0334700048,0.0669400097,58,455.72,0.3727851036,6.5619438276,3.7031975234,0.3151078502,2.1116716687,0.4810973048,0.0583240088,1.8969
5,9.01,1348.6713333333,0.0334700048,0.0669400096,68,452.77,0.3667768296,6.5292014553,3.6955783354,0.344496147,2.0410727343,0.467219498,1.1841624297,1.9175
9,8.9,1350.655,0.0334700048,0.054422772,68,459.31,0.3570776032,6.3983467981,3.5630588854,0.3695306222,2.0015570012,0.5210980423,1.5902215569,1.885
19,8.02,1267.351,0.0334700048,0.0462593563,68,454.6,0.3676228316,6.4288673607,3.5845558804,0.3855853399,2.0182718391,0.5289893442,1.3340104085,1.8951
12,8.5,1370.1963333333,0.0334700048,0.0571439106,74,459.7,0.3458406613,6.4100147683,3.5831953111,0.369802736,2.0072893112,0.5110298295,0.508959016,1.8738
30,7.79,1172.3733333333,0.0334700048,0.0585044799,64,452.78,0.4150443861,6.4030804908,3.5867327913,0.4876280375,1.942959361,0.5001452751,0.2033702289,1.9244
179,4.7,894.7536666667,0.0334700048,0.2498005237,48,527.16,0.4219696838,6.1850302125,3.3448235696,0.5932082152,2.1345843417,0.4704848643,0.6119289665,1.5771
15,8.24,1237.82,0.0334700048,0.0568717968,64,511.6,0.3697510341,6.1589189828,3.3309457627,0.3975583497,1.9588148023,0.4370148595,0.4940944647,1.6697
11,8.54,1219.2063333333,0.0334700048,0.0546948859,64,503.34,0.3425279472,6.1826309846,3.3543475547,0.3978304636,1.9675246743,0.465314701,1.0811860941,1.709
8,8.91,2008.5003333333,0.0334700048,0.066123668,99,520.42,0.2428888314,6.104950641,3.3026459212,0.1390501826,1.8998911896,0.4378312011,1.9599114521,1.7066
18,8.04,1438.792,0.0334700048,0.5121182849,78,617.16,0.2028932642,6.0558169461,3.246590466,0.3692585083,1.9340091508,0.1327915638,0,1.1207
44,7.3,1798.3143333333,0.077824564,0.1366011578,86,577.87,0.3775860085,6.1310509861,3.2727133966,0.1708875042,1.9728994608,0.2914339443,1.3291,1.4776
3,9.45,2583.4696666667,0.0334700048,0.0122451237,130,527.22,0.3467029901,6.2763850939,3.4836016383,0.1741528705,1.7754100975,0.1404107519,1.8777273764,1.6548
175,4.76,1031.7303333333,0.0334700048,0.0010884554,22,420,0.1989911514,6.716296333,3.9042896661,0.6936182297,1.9098918066,0.3303462263,8.2626762456,2.0654
238,3.96,1334.3096666667,0.0334700048,0.0008163416,27,434.07,0.2050358887,6.5204837436,3.7129936224,0.5390575571,1.7686467582,0.3371490728,7.7625391941,1.9908
220,4.18,1077.4973333333,0.0334700048,0.0002721138,22,425.57,0.2471618354,6.5179802961,3.7434703748,0.7488573432,1.7937515353,0.375789241,9.4236933795,2.0513
46,7.21,1267.351,0.0334700048,0.0462593563,68,454.6,0.3676228316,6.4288673607,3.5845558804,0.3855853399,2.0182718391,0.5289893442,1.3340104085,1.8951
83,6.26,1286.3446666667,0.0334700048,0.0487083809,68,460.38,0.3575973407,6.3616753737,3.5189764401,0.4127967259,1.9812778736,0.5254518641,1.2955006214,1.8754
97,6,765.836,0.0334700048,0.1502068508,42,470.36,0.4336531645,6.7524393122,3.8514995773,0.7608303531,2.2359862766,0.2503447514,1.5178456674,1.8444
263,3.14,1046.4736666667,0.077824564,0.0555112274,54,446.11,0.5140619938,6.4873802762,3.5491810786,0.4147015229,2.0890809058,0.6272224478,0.1110634954,1.9296
255,3.34,1046.4736666667,0.0334700048,0.0555112274,54,446.11,0.5140619938,6.4873802762,3.6085019001,0.4147015229,2.0890809058,0.5679016263,0.1110634954,1.9296
161,4.99,1280.443,0.0334700048,0.0214969949,64,451.96,0.5059832054,6.3618585064,3.5023774946,0.3099376868,1.988727916,0.5874938242,0.0001,1.919
14,8.27,1219.2063333333,0.0334700048,0.0546948859,64,503.34,0.3425279472,6.1826309846,3.3543475547,0.3978304636,1.9675246743,0.465314701,1.0811860941,1.709
64,6.67,2798.579,0.0334700048,0.0427218761,134,526.95,0.1432080822,6.0493060777,3.2884960005,0.0789130195,1.8137666073,0.4212322556,0.2855529723,1.701
232,4.04,999.6333333333,0.077824564,0.196466207,64,505.25,0.3439745045,6.2883605528,3.3486331636,0.2168747466,2.1875199871,0.5880380519,0.0471394739,1.162
216,4.21,997.0616666667,0.077824564,0.2217727961,64,504.17,0.3635081979,6.3990088511,3.4531248859,0.1776903508,2.1975122418,0.4968799087,0.093677959,1.1614
6,9,1548.7676666667,0.077824564,0.5025942998,86,613.14,0.1970430883,6.097001923,3.2384270502,0.3308904541,1.9118898026,0.1553770142,0.0002,1.1221
127,5.48,1140.3523333333,0.0334700048,0.0677563512,60,464.51,0.4751910732,6.5537417717,3.6969389047,0.2914339442,2.2803858024,0.5289893442,0.9457611432,1.8614
20,8.02,1702.3213333333,0.0334700048,0.0269392722,90,461.73,0.2694525864,6.2958221869,3.484145866,0.2405486524,1.9318374967,0.5708948787,0.0010198039,1.847
53,6.89,2047.231,0.0334700048,0.0081634158,112,453.42,0.3040817963,6.2845838845,3.4838737521,0.1785066923,1.8436816766,0.5529353639,0.9238825737,1.8844
57,6.83,2079.4486666667,0.0334700048,0.0133335792,64,548.46,0.3811694759,6.2632509742,3.4778872472,0.1463972568,1.8748844016,0.1687105933,0.3432089451,1.0848
195,4.56,1026.0006666667,0.077824564,0.0693890344,54,446.63,0.3906091057,6.5496143486,3.6057807615,0.4136130675,2.1349689019,0.6062696805,1.1688000727,1.9434
75,6.38,1143.8526666667,0.077824564,0.0476199256,58,453.34,0.384474843,6.5229401154,3.5910866131,0.3455846024,2.0807142188,0.5602824381,1.2827000039,1.8899
136,5.3,1171.4723333333,0.0334700048,0.0742870838,66,450.24,0.3733467467,6.4549976384,3.6095903555,0.4307562407,2.072260532,0.5640920322,1.1677710777,1.9341
264,3.09,1259.8036666667,0.0334700048,0.1940171823,74,527.33,0.3631838382,6.168304462,3.3192448667,0.1834047418,2.1128537241,0.5096692602,0.0355529183,1.1288
217,4.2,1219.2063333333,0.077824564,0.0546948859,64,503.34,0.3425279472,6.1826309846,3.2950267332,0.3978304636,1.9675246743,0.5246355225,1.0811860941,1.709
184,4.65,950.4173333333,0.0334700048,0.2378275138,56,541.49,0.3341941881,5.9741210182,3.1113498775,0.5806909777,2.0235408758,0.5186490176,0.0060514461,1.2979
201,4.46,895.381,0.077824564,0.0764639948,47,449.49,0.5950338267,6.5551183957,3.6030596229,0.5376969878,2.1546871704,0.5815073192,2.0107879799,1.9395
199,4.52,969.237,0.0334700048,0.0541506582,52,456.7,0.564111624,6.4830242775,3.5924471823,0.4669473841,2.1168575078,0.5251797502,1.8873058947,1.9146
88,6.15,997.5493333333,0.0334700048,0.052517975,52,464.01,0.5542189246,6.4751969223,3.5897260437,0.4557907159,2.0952198573,0.4707569782,1.916469958,1.8635
91,6.1,1013.1526666667,0.077824564,0.0587765938,51,462.91,0.5725444325,6.4330219951,3.4961188759,0.4606887653,2.0870968323,0.5812352054,2.4407417315,1.8592
165,4.93,1043.2986666667,0.077824564,0.0625861879,59,466.75,0.5763466795,6.3479880466,3.4139404901,0.5028664136,2.0784964024,0.6411002546,2.7429653005,1.8755
234,4,787.5,0.077824564,0.1608192914,41,459.38,0.5340664442,6.641705298,3.6787072761,0.5953851261,2.2451682875,0.5077644631,1.3559816887,1.8484
130,5.44,1019.0186666667,0.077824564,0.056327569,54,445.06,0.5044057614,6.5321011006,3.5870049052,0.3844968844,2.1254671386,0.6250455369,0.0002,1.9302
224,4.15,714.9,0.0334700048,0.251161093,46,435.81,0.4870938776,6.812504093,3.879255191,0.7211017295,2.2919236778,0.4544301465,1.3331000038,1.9827
112,5.67,840.5916666667,0.0334700048,0.270481177,56,446.61,0.3930698313,6.6174270273,3.7355790728,0.6568828585,2.1653323206,0.4786482801,1.3690000329,1.9436
148,5.11,982.2456666667,0.0334700048,0.1153762767,56,454.75,0.4731077694,6.5693687264,3.6838774394,0.5167442205,2.1549133892,0.496335681,0.9913000101,1.8579
59,6.75,1111.3923333333,0.0334700048,0.1229954648,66,461.07,0.4182327442,6.4369907758,3.5908144992,0.5608266659,2.0659945979,0.5132067404,0.8471000059,1.8454
132,5.42,1167.3516666667,0.077824564,0.054422772,64,454.66,0.4758770722,6.4383527057,3.5344869301,0.4685800673,1.999194339,0.5366085323,0.0013076697,1.901
223,4.16,1100.6246666667,0.077824564,0.0674842373,64,452.02,0.3523746594,6.6020585808,3.6825168701,0.5115740572,2.0441226713,0.4258581912,0.2632083965,1.9217
154,5.05,1059.183,0.0334700048,0.0484362671,57,451.95,0.4911306867,6.5209161325,3.6542170286,0.4465388446,2.0555680597,0.4601445376,2.7590903737,1.9009
123,5.5,1331.163,0.077824564,0.0976888758,58,459.49,0.4138209622,6.4898622267,3.5984336873,0.4378312011,2.0539389008,0.5284451165,0.0227651049,1.8656
180,4.7,1445.2056666667,0.077824564,0.0753755392,62,454.94,0.4211889891,6.4470600771,3.560065633,0.393204528,2.0720074867,0.6367464329,0.0227129919,1.9711
152,5.07,1354.158,0.077824564,0.2078949892,62,445.36,0.4131455756,6.3997283201,3.5067313164,0.4114361566,2.1311794538,0.8062733678,0.3772201877,1.9911
210,4.32,831.8763333333,0.077824564,0.1766018953,43,491.59,0.3445043102,6.6185149386,3.6645573553,0.7681774274,2.13936852,0.2424534494,0.397246888,1.7147
260,3.23,794.6323333333,0.077824564,0.1268050589,43,478.62,0.4660665512,6.6041089587,3.6487747514,0.8391991449,2.1049930928,0.2753792265,1.3153309888,1.8054
221,4.18,1277.5366666667,0.0334700048,0.069933262,52,465.31,0.3550280416,6.3631110465,3.5603377468,0.5181047899,1.9902020025,0.4898049484,0.56901565,1.8644
176,4.75,1355.186,0.0334700048,0.0380959404,58,461.41,0.3603201119,6.2797271963,3.476254564,0.4927982009,1.9335797408,0.5417786957,1.0978828854,1.916
150,5.09,1475.0303333333,0.0334700048,0.0261229306,62,465.49,0.3561303748,6.2716685444,3.4713565146,0.4421850228,1.8843315951,0.4976962503,1.3285578234,1.875
205,4.4,766.418,0.0334700048,0.1880306774,50,484.47,0.3805792609,6.4203545507,3.4974794451,0.1420434351,2.3133578536,0.5888543935,0.0479018789,1.1824
76,6.37,1208.6656666667,0.0334700048,0.0244902475,64,465.76,0.5886905805,6.5507994045,3.6800678453,0.4307562407,1.9410924778,0.2808215037,0.876721786,1.8919
41,7.44,762.7623333333,0.0334700048,0.0497968364,54,456.16,0.3513302864,6.7934104077,3.9051060077,0.8400154865,2.0884336414,0.1491183954,7.7791116479,1.997
60,6.73,715.5566666667,0.0334700048,0.032925777,46,430.85,0.3659670188,6.7872492057,3.8822484435,0.6645020466,2.0675210961,0.2759234543,4.7275408724,1.9597
227,4.09,1031.443,0.0334700048,0.1074849748,52,422.72,0.4303233072,6.8272891275,3.9347664185,0.2979646769,2.1006239521,0.3940208696,0.4129923365,1.9958
155,5.05,1126.3513333333,0.0334700048,0.1532001033,58,474.71,0.3631539057,6.4485659552,3.6093182417,0.4903491761,2.0871551974,0.4498042109,0.1312887276,1.7752
188,4.62,950.303,0.077824564,0.3085771175,62,435.23,0.3433587108,6.4993519254,3.5704059597,0.5542959332,2.2153119953,0.8122598727,0.0002,2.0476
192,4.58,1024.085,0.0334700048,0.1689827072,48,474.26,0.3726955782,6.5326202939,3.6656458107,0.4272187606,2.1323121304,0.4019121715,0.3309412788,1.7387
156,5.05,449.7743333333,0.0334700048,2.0060233774,26,430.36,0.2209254333,7.2386877321,4.2400781696,0.2190516575,2.5108132746,0.1205464401,13.1777515172,1.5154
172,4.8,357.462,0.0334700048,1.9159536897,26,389.92,0.2303745871,7.5140800199,4.3429372088,0.0805457026,2.8541839673,0.2576918256,2.6688218318,1.5169
115,5.66,1153.956,0.0334700048,0.0511574057,64,509.74,0.2965420655,6.1277418094,3.2669990055,0.418511117,2.047983139,0.5368806462,0.0861000581,1.7081
101,5.93,1156.4,0.077824564,0.2187795436,72,507.72,0.2822623464,6.2866024252,3.3652321091,0.2127930387,2.1316228189,0.5420508095,0,1.1585
51,7.12,1219.8043333333,0.0334700048,0.040817079,70,442.13,0.3220176371,6.5096253121,3.6569381672,0.319189558,2.10119642,0.5934803291,0.4289822957,1.9476
78,6.3,1067.946,0.0334700048,0.2536101177,62,460.73,0.3964516624,6.1808704079,3.3352995845,0.4810973048,2.0840876232,0.7815110065,0.0817259445,1.9507
98,6,1091.4896666667,0.0334700048,0.4917097454,62,492.64,0.3881437541,6.1782962108,3.3293130795,0.3945650973,2.068012275,0.6310320418,0.0001,1.6852
81,6.28,979.2546666667,0.0334700048,0.3156520778,54,506.57,0.3205449569,6.464926801,3.6030596229,0.5504863392,2.0526128923,0.2272150733,0,1.5304
134,5.37,506.635,0.0334700048,1.1943077324,34,505.77,0.4854949366,6.609087826,3.6335363752,1.1521300841,2.4589846734,0.3708911915,0.002,1.1097
177,4.73,1191.704,0.0334700048,0.2683042662,62,538.32,0.5031537655,6.3254518488,3.4699959453,0.523547067,2.1468187697,0.3281693154,0.1718,1.1149
185,4.65,534.8286666667,0.0334700048,1.3622019842,32,495.49,0.5875428042,5.9917885548,3.0340695412,1.115394713,2.4765255251,1.0604277132,0,1.1655
128,5.47,556.7613333333,0.0334700048,1.3562154793,32,493.64,0.6086653705,6.1338251869,3.1812831396,1.0974351982,2.4857941686,0.9447793226,0,1.1773
164,4.96,514.9173333333,0.0334700048,1.4495505332,38,488.86,0.5172220521,6.1254884346,3.1592419169,1.1085918665,2.5019437633,0.9760724166,0,1.1622
137,5.3,1094.8843333333,0.0334700048,1.3945835336,74,497.55,0.5378349491,6.0855369498,3.2087666395,0.3689863944,2.2987804258,0.8503558131,0.0002,1.1575
206,4.4,1108.003,0.0334700048,1.2721322964,74,509.33,0.4806042342,6.0552999297,3.1869975306,0.3210943551,2.2270608971,0.7624630363,0.0611305161,1.1485
133,5.4,1858.3496666667,0.0334700048,0.0704774898,90,552.69,0.4810562153,6.0354718091,3.2180185107,0.3015021571,1.9851393125,0.4519811218,0.0052096065,1.112
171,4.83,2206.953,0.0334700048,0.0171431732,110,536.47,0.4927410565,6.0727840616,3.2588355897,0.1790509201,1.9606358929,0.494430884,0.087606849,1.12
54,6.86,2263.554,0.0334700048,0.2541543454,110,554.19,0.2256912355,6.1502603198,3.3698580447,0.07401497,1.9133200529,0.2155141773,0.0698949927,1.0138
153,5.07,1481.137,0.077824564,0.3899391617,82,528.26,0.3103295305,6.2609954225,3.3706743863,0.1112945688,2.0671322596,0.4147015229,0.0401054859,1.1118
207,4.4,944.0956666667,0.077824564,0.1281656282,56,500.58,0.3496412756,6.2493201052,3.2982920995,0.2108882416,2.2128671351,0.6669510713,0.2209415534,1.1513
196,4.56,1280.443,0.077824564,0.0214969949,64,451.96,0.5059832054,6.3618585064,3.4430566731,0.3099376868,1.988727916,0.6468146457,0.0001,1.919
69,6.52,889.9333333333,0.0334700048,0.229664098,50,530.03,0.4251539602,6.1973937057,3.3132583618,0.3281693154,2.1784239634,0.4868116959,0.3040799073,1.1472
138,5.29,993.53,0.0334700048,0.2054459645,62,505.64,0.3446820005,6.3070817142,3.4242808167,0.210344014,2.1846732329,0.5064038938,0.0215541179,1.1623
124,5.5,1000.0106666667,0.077824564,0.2068065337,64,510.81,0.3020123704,6.280428978,3.3448235696,0.2538822316,2.1575198942,0.5415065818,0,1.152
173,4.8,1014.5203333333,0.077824564,0.1423155489,62,510.25,0.2723691028,6.3629156687,3.4229202475,0.2065344199,2.1691787984,0.4789203939,0,1.1603
174,4.78,1503.8306666667,0.077824564,0.4745665722,80,619.61,0.1713354035,5.9304513696,3.075430848,0.4244976219,1.9076894723,0.290073375,0.0001414214,1.1185
58,6.83,1476.6336666667,0.077824564,0.5017779582,80,626.62,0.1791298329,5.9613444562,3.1029143479,0.4323889238,1.8988706655,0.2266708455,0.0566154573,1.1117
116,5.65,1538.1366666667,0.077824564,0.453613805,80,638.27,0.1794019467,5.9327243367,3.0819615806,0.4473551862,1.8640490859,0.1899354744,0.0880770685,1.068
159,5.03,1441.5076666667,0.0334700048,0.1597308359,82,539.54,0.3939612764,6.1753620071,3.3418303171,0.1561933558,2.0734729698,0.4247697358,0,1.1163
190,4.6,1082.511,0.0334700048,0.2517053207,63,545.68,0.398018494,6.2767227872,3.4084982128,0.2348342614,2.1561451728,0.3461288302,0.0181,1.1012
187,4.64,1210.5063333333,0.0334700048,0.1804114893,74,521.77,0.370589689,6.2615880864,3.4076818713,0.1896633605,2.1272334977,0.4492599832,0,1.1419
104,5.87,1243.976,0.0334700048,0.1665336824,74,523.9,0.358752464,6.3545903452,3.5037380639,0.2065344199,2.1165916261,0.3385096421,0.0001414214,1.1357
113,5.67,840.7543333333,0.0334700048,0.1273492866,56,476.75,0.2668857364,6.4392441507,3.5309494499,0.0960561927,2.3259765365,0.6356579774,0,1.2003
103,5.88,1104.556,0.0334700048,0.1069407471,66,505.72,0.4048012041,6.2538195079,3.3929877228,0.0789130195,2.2053255791,0.5981062647,0,1.1534
125,5.5,976.789,0.0334700048,0.2546985731,62,508.42,0.2901231716,6.4051080112,3.5189764401,0.1189137569,2.1721318023,0.3836805429,0.2940307637,1.1529
22,7.95,1895.354,0.0334700048,0.2718417463,102,601.72,0.4197002543,5.9961214238,3.1992426544,0.2661273552,1.942713936,0.2674879246,0.0710626484,1.0859
39,7.55,841.9096666667,0.0334700048,0.3039511818,44,464.05,0.4596677938,6.6957242531,3.8025190824,0.5175605621,2.2151344452,0.3613672064,1.1234,1.8039
66,6.59,1679.734,0.0334700048,0.5006895028,76,454.68,0.1965391334,6.0813842201,3.3154352727,0.5621872351,1.8676471398,0.0541506582,0.0040024992,1.2787
28,7.81,1518.6563333333,0.0334700048,0.4549743743,72,450.48,0.159145791,6.2893251964,3.5159831876,0.4889886068,1.8772791158,-0.1545606726,0.0004123106,1.2795
135,5.37,941.4326666667,0.0334700048,0.2326573505,52,498.95,0.4768697436,6.1812535442,3.2912171391,0.2462630435,2.1825438682,0.6340252943,0.8628000116,1.705
25,7.83,966.619,0.0334700048,0.2503447514,52,511.4,0.3304128939,6.2883858594,3.4014232525,0.2506168652,2.1488290701,0.4364706318,0.1414,1.6734
79,6.3,1255.5776666667,0.0334700048,0.32708086,72,450.79,0.3069749108,6.23826167,3.3981578862,0.2974204492,2.0736826742,0.7997426351,0.1513679292,2.0262
121,5.6,1234.6713333333,0.0334700048,0.149934737,72,435.09,0.3689017667,6.2418271779,3.3970694307,0.3877622508,2.1156458208,0.9333505405,0.0645326274,2.1081
231,4.05,1006.6623333333,0.077824564,0.0691169205,55,463.88,0.5953064848,6.4630179223,3.5260514005,0.5262682056,2.1015915523,0.5608266659,1.8851388861,1.8839
257,3.27,665.2766666667,0.077824564,0.2193237713,37,449.01,0.5279436103,6.7351187208,3.7440146025,0.751306368,2.338131968,0.5355200769,1.0515783613,1.8939
235,4,815.3533333333,0.077824564,0.1706153903,49,463.26,0.5411969158,6.5471451875,3.5883654745,0.7080402642,2.2382980844,0.5793304084,1.674612391,1.8642
265,3.07,1400.469,0.077824564,0.1736086428,71,507.48,0.477960648,6.2694984363,3.3657763368,0.2696648355,2.102370191,0.5319825967,0.6953041708,1.6835
266,3.04,617.281,0.0334700048,1.7173105717,32,462.19,0.5218254022,6.48655305,3.519248554,1.6324110473,2.585749502,0.8492673577,0,1.1998
151,5.09,1476.572,0.0334700048,0.7273603483,70,476.07,0.4168256434,6.2268543849,3.4030559356,0.1249002619,1.9974112278,0.6128004132,1.4601431539,1.9008
252,3.45,468.9986666667,0.0334700048,1.3162147418,32,450.49,0.5295041833,6.5711273983,3.589181816,0.9967530699,2.5819685403,0.8179742638,0.048,1.3199
245,3.7,740.0126666667,0.0334700048,0.998657867,52,492.84,0.4837710953,6.366097224,3.4558460245,0.6881759525,2.3912476032,0.6704885515,0,1.1534
70,6.49,1577.3966666667,0.0334700048,0.0876206629,84,448.95,0.4431817755,6.3369102913,3.5083639995,0.2838147562,2.576907011,0.706679695,0.0052971691,1.6443
242,3.81,934.705,0.0334700048,1.1684569157,49,503.22,0.4236129794,6.2634667605,3.3793820298,0.2868080087,2.1737913451,0.4881722652,1.9012428935,1.6897
253,3.4,610.24,0.077824564,0.1104782273,37,415.51,0.6755387122,7.2834648841,4.2776298824,0.5787861806,2.3971763439,0.2402765385,2.1959149027,2.0344
89,6.11,995.1113333333,0.0334700048,0.087620663,54,474.42,0.5215007704,6.6646760616,3.8041517656,0.5170163344,2.0844768102,0.2489841821,1.6571009806,1.8141
118,5.62,1116.7913333333,0.0334700048,0.0427218761,56,465.17,0.4589050586,6.425498319,3.5475483954,0.3420471223,2.1042286091,0.5556565025,1.5184000033,1.8423
52,6.97,1128.5336666667,0.0334700048,0.052517975,56,468.06,0.4687153075,6.4584015107,3.5831953111,0.3551085876,2.1137728347,0.5164721067,1.2894262639,1.8343
2,9.54,1272.633,0.0334700048,0.0631304155,68,457,0.3574996517,6.5122177408,3.6678227216,0.3278972016,2.0689725101,0.4843626712,1.0558988256,1.8847
40,7.47,1664.1303333333,0.0334700048,0.3687142805,74,453.06,0.2157201673,6.0402950273,3.2354337978,0.5608266658,1.9944171637,0.2176910882,0.061941989,1.2845
17,8.13,1753.5406666667,0.0334700048,0.2141536079,82,454.94,0.1902165679,6.1559537581,3.3538033269,0.5368806462,1.9594522332,0.0775524502,0.1126007105,1.2851
67,6.59,1054.045,0.0334700048,0.0500689503,52,463.24,0.4851558827,6.3518602268,3.4767987918,0.3839526567,2.0867912115,0.6098071607,1.9729000228,1.8231
229,4.07,891.7933333333,0.0334700048,0.0503410641,48,439.21,0.5456946858,6.606442335,3.7097282561,0.4462667307,2.1420527542,0.5186490176,0.5662001413,1.9477
68,6.59,881.6106666667,0.0334700048,0.2712975186,48,518.84,0.4145570302,6.2944523658,3.4291788662,0.5360643046,2.1979806272,0.4402802258,1.4861960436,1.6179
85,6.2,887.8703333333,0.0334700048,0.251161093,48,524.56,0.4211296684,6.2046044509,3.347816822,0.6313041557,2.1754099359,0.482729988,1.8976000026,1.5942
72,6.4,1020.5316666667,0.0334700048,0.1238118064,54,502.4,0.3583434769,6.2295836869,3.3753003219,0.4737502306,2.1497545131,0.5491257699,0.0478,1.696
246,3.7,481.175,0.0334700048,0.3591902954,32,467.18,0.3709333688,7.1613366462,4.1902813332,1.2751255489,2.4620974435,-0.017415287,3.0788229991,1.7528
106,5.8,1342.928,0.077824564,0.1687105933,67,566.71,0.4683384298,6.1694824429,3.2887681144,0.3034069541,2.0422039672,0.3276250877,1.9692114005,1.4873
110,5.7,1350.0043333333,0.077824564,0.2756513404,67,586.27,0.4406462186,6.2287648963,3.3499937329,0.2832705285,2.0310116668,0.1866701081,1.1809804274,1.4327
126,5.5,1335.4163333333,0.077824564,0.1899354744,67,563.93,0.4742141844,6.2418630969,3.3567965794,0.276467682,2.0515678763,0.2781003651,1.472845905,1.4704
107,5.8,1839.752,0.077824564,0.2236775931,86,596.73,0.4237054982,6.1791827578,3.3255034855,0.1632683161,1.9562489243,0.1551049003,2.3232740884,1.4383
80,6.3,1357.0683333333,0.077824564,0.2119766971,67,573.18,0.4347114153,6.1776265386,3.2985642134,0.3170126471,2.0201798405,0.2734744295,2.0467330578,1.4641
92,6.1,1342.7416666667,0.077824564,0.190751816,67,563.21,0.3798089066,6.2484838993,3.365504223,0.2683042661,2.0490097856,0.2715696325,1.0627000941,1.5079
43,7.35,1239.065,0.0334700048,0.140138638,62,516.21,0.3963259458,6.3440372255,3.5059149748,0.5390575571,2.0597897331,0.3344279342,0.9237888828,1.6725
56,6.84,2010.7993333333,0.0334700048,0.0859879798,99,525.92,0.2896570405,6.102811826,3.2999247826,0.1436761182,1.9040806037,0.4092592458,2.0746277955,1.6695
7,8.95,2042.7863333333,0.0334700048,0.0552391136,99,522.83,0.2342682644,6.0974484619,3.2982920995,0.1338800192,1.8869832659,0.4288514437,1.4202768357,1.6998
149,5.1,732.9636666667,0.0334700048,0.1453088013,44,467.91,0.4425991798,6.457525304,3.5374801826,0.4405523396,2.3494293044,0.6489915566,0.7301175933,1.8163
48,7.2,1543.0033333333,0.077824564,0.060409277,80,530.72,0.3336812536,6.321535042,3.443328787,0.1785066923,2.0398130517,0.3363327312,0.103392166,1.5727
191,4.6,1014.739,0.0334700048,0.6473588734,68,501.86,0.4825746106,6.3257402895,3.4400634206,0.2623177613,2.2893882935,0.5853169133,0.1315661811,1.1538
261,3.2,958.7043333333,0.0334700048,0.6647741605,68,510.38,0.4575842179,6.2106674198,3.3132583618,0.3336115926,2.3108630319,0.6770192842,0.1171164805,1.1136
114,5.67,1332.2223333333,0.0334700048,0.165445227,80,536.2,0.281883836,6.237640162,3.3957088614,0.1711596181,2.0905634804,0.3853132261,0,1.1115
36,7.61,972.3013333333,0.0334700048,0.2372832861,54,506.43,0.337680783,6.5005222871,3.6433324742,0.574160245,2.104148141,0.2329294643,0.8338083113,1.606
21,8.02,1093.6023333333,0.0334700048,0.165445227,60,510.41,0.3002512495,6.4908325847,3.6329921475,0.3760613548,2.0570939962,0.1842210834,0.0022715633,1.4466
166,4.92,1044.9186666667,0.077824564,0.1972825486,64,503.78,0.3505754425,6.298797752,3.3633273121,0.2057180783,2.1797202482,0.582051547,0.0242095023,1.1635
243,3.73,1049.906,0.077824564,0.2108882416,64,503.88,0.3651033293,6.3653921769,3.4253692722,0.1825884002,2.1896261358,0.5273566611,0.0303509473,1.16
198,4.54,1047.9203333333,0.077824564,0.2234054792,62,505.51,0.3608882857,6.3753529048,3.4362538266,0.1834047418,2.1781146215,0.5009616166,0.048615841,1.1592
99,5.98,1027.1043333333,0.0334700048,0.1823162863,55,540.13,0.3818685364,5.8886359049,3.0318926303,0.7064075811,2.052963566,0.6215080567,1.9537690908,1.5977
163,4.97,1084.1196666667,0.0334700048,0.1774182368,55,538.66,0.3428604704,5.7870522635,2.9415508287,0.737700675,2.0230899323,0.720285388,1.4764511675,1.6393
212,4.25,1987.5703333333,0.077824564,0.0307488662,114,520.95,0.2217074886,6.2432252989,3.4036001634,0.0282998415,2.0191423234,0.4990568196,0.0001,1.1407
139,5.28,560.2313333333,0.0334700048,0.7202853879,35,407.11,0.2663401481,7.0769579478,4.1344979919,0.9521263968,2.1874241544,-0.387218023,18.9099066362,1.9051
100,5.94,703.7756666667,0.0334700048,0.239460197,41,394.56,0.7890148177,6.9968098036,4.1149057939,0.8734854913,2.0200138568,-0.3583739539,12.7234093179,1.1641
65,6.67,631.7606666667,0.0334700048,0.7249113235,34,449.59,0.221266392,6.6663076563,3.7320415926,0.8076339371,2.1565753574,0.3053117512,14.5933987453,1.8676
144,5.21,710.8843333333,0.0334700048,0.4732060029,42,529.45,0.4590963547,6.3176078947,3.3981578862,0.3412307807,2.2123691269,0.3858574538,0,1.0963
129,5.45,685.798,0.0334700048,0.4166063199,42,516.21,0.4006016709,6.4241208787,3.4904044848,0.3047675234,2.2655363832,0.375789241,0.0557,1.123
193,4.58,564.9516666667,0.0334700048,1.2490026183,41,478.57,0.4983403434,6.5889103111,3.5978894595,0.5227307255,2.5349430635,0.5766092698,0.5411505705,1.17
117,5.65,905.989,0.0334700048,1.1281840644,62,509.86,0.4897940635,6.4735647834,3.5714944151,0.5123903988,2.31083437,0.4021842854,0.01096312,1.1194
213,4.25,1252.5453333333,0.0334700048,0.161363519,54,506.9,0.3800769388,6.0843080836,3.2838700649,0.4280351021,2.0735250851,0.6185148043,0.4069283229,1.6745
219,4.19,1391.9416666667,0.0334700048,0.1042196084,60,504.21,0.30793384,6.1581072672,3.3701301586,0.4413686812,1.9786592239,0.4761992554,0.07,1.7301
102,5.89,1396.4313333333,0.0334700048,0.0873485491,60,513.1,0.3257774343,6.0308959424,3.2479510353,0.5161999928,1.9382742927,0.519737473,0.1758486281,1.6779
122,5.56,1310.07,0.0334700048,0.0897975739,56,503.35,0.3314757707,6.0601375699,3.2735297382,0.5779698391,1.9473289279,0.5366085323,0.1543349928,1.7145
73,6.4,1619.8643333333,0.0334700048,0.085715866,70,522.46,0.3266128239,6.0277195574,3.2528490848,0.4051775379,1.9150555154,0.4764713692,0.0459292935,1.6611
202,4.45,855.3663333333,0.077824564,0.1004100144,50,467.92,0.4214262725,6.4034981856,3.4403355345,0.4642262455,2.2228856092,0.6647741605,0.633405952,1.787
228,4.08,884.8766666667,0.0334700048,0.2201401129,50,504.4,0.43329343,6.3394248955,3.4411518761,0.5268124333,2.1621609576,0.4157899784,3.0584429192,1.6956
111,5.69,1180.459,0.0334700048,0.2653110137,54,501.69,0.3562171792,6.3698812393,3.5369359549,0.4723896613,2.059854553,0.3453124886,0.2228912964,1.6686
109,5.76,1003.3743333333,0.0334700048,0.2269429594,60,500.48,0.3551371593,6.2670749903,3.4114914653,0.5319825967,2.0818501711,0.4506205525,0.0334050894,1.7128
236,3.97,1205.6613333333,0.077824564,0.0985052174,70,489.8,0.3199348777,6.3544779622,3.4512200889,0.3518432213,2.068435137,0.4900770622,0.0451620416,1.762
197,4.56,1056.332,0.0334700048,0.241364994,42,464.52,0.2776622616,6.0734333253,3.2365222532,0.1009542421,2.0746187437,0.8040964569,0.416768077,1.9305
94,6.05,1178.6923333333,0.0334700048,0.2723859741,52,468.23,0.3118068366,6.0321623603,3.1997868821,0.1191858707,2.0417474086,0.8209675162,0.4185664105,1.9084
250,3.51,1151.6866666667,0.0334700048,0.2691206077,52,462.64,0.3838032659,6.1579916188,3.3165237281,0.161635633,2.0917917764,0.77470816,0.9494598622,1.9145
240,3.91,1162.9973333333,0.0334700048,0.2495284098,52,471.55,0.3590172308,6.1550040807,3.3075439707,0.2576918256,2.0926099063,0.7292651454,0.114357597,1.8915
239,3.95,1061.0516666667,0.077824564,0.046803584,63,479.59,0.3884093373,6.8198998756,3.8729965722,0.3825920875,2.1137067611,0.1262608311,2.1434518726,1.721
233,4.04,1064.0996666667,0.0334700048,0.122723351,64,469.78,0.3464749587,6.1916545523,3.3097208816,0.3164684194,2.1644632502,0.7676331996,2.0325673642,1.8984
146,5.19,1065.813,0.0334700048,0.0990494451,64,475.07,0.4026890563,6.1811822504,3.2950267331,0.4223207111,2.1069816485,0.6936182297,2.3121750647,1.894
254,3.4,1088.8066666667,0.077824564,0.9929434758,47,454.56,0.3319897937,6.2030784364,3.2996526688,0.1044917223,2.1706066239,0.8699480111,0.1009,1.8902
170,4.84,1110.934,0.077824564,0.6106235023,51,452.58,0.4100344978,6.4204312868,3.5116293659,0.1444924598,2.2701852795,0.7763408431,0.7702002986,1.8856
249,3.53,1096.0173333333,0.077824564,0.6718491208,51,452.19,0.3988068078,6.451366551,3.548364737,0.1183695292,2.2961966877,0.7363401057,1.0326881862,1.8506
226,4.12,1340.8406666667,0.077824564,0.6786519673,61,487,0.4926167005,6.3038587977,3.392715609,0.2473514989,2.2631641661,0.6789240812,1.2326956396,1.7044
225,4.14,1107.4073333333,0.077824564,0.741510269,51,457.57,0.3434381681,6.4683429184,3.5674127072,0.1189137569,2.2536860568,0.6400117992,3.4177690092,1.8391
169,4.86,1353.8013333333,0.077824564,0.7382449027,61,493.08,0.4610906772,6.3215130007,3.4120356931,0.2405486524,2.2280119188,0.5962014677,2.5458509069,1.6823
259,3.24,942.1426666667,0.0334700048,0.3099376867,58,492.71,0.4990481116,6.4580001427,3.5812905141,0.4030006269,2.3122958205,0.5526632501,0.1241511176,1.6605
145,5.21,1858.3003333333,0.0334700048,0.0704774898,90,552.67,0.4811947212,6.0355716749,3.2180185107,0.3012300433,1.9851780905,0.4519811218,0.0053,1.112
189,4.61,697.0783333333,0.0334700048,0.7017816455,43,513.89,0.2327806179,6.9874156168,3.9954478093,0.103131153,2.0946666314,-0.3376933005,4.6713069049,1.6524
248,3.54,933.73,0.0334700048,1.2024711482,35,481.23,0.4462270018,6.1490200248,3.3072718569,0.346400944,2.1802476896,0.6759308288,2.5533400753,1.7374
244,3.73,935.8616666667,0.0334700048,1.1526743118,35,484.97,0.3649381563,6.1500948746,3.3162516142,0.4372869734,2.0993126334,0.5747044728,7.2455198261,1.7393
214,4.24,940.5126666667,0.0334700048,1.1904981383,35,480.56,0.3171536019,6.1997815049,3.3655042229,0.364088345,2.1161758265,0.5651804877,5.6729407559,1.7834
86,6.2,1056.4896666667,0.0334700048,0.3401423253,62,447.38,0.3203958385,6.2462501166,3.3935319505,0.4702127505,2.1068123796,0.8245049964,0.6362927078,2.0176
34,7.7,1136.7286666667,0.0334700048,0.2440861326,70,483.18,0.3456458278,6.4529714786,3.6079576724,0.4136130675,2.0727195292,0.3806872904,0.0001,1.9115
26,7.83,1142.542,0.0334700048,0.0476199255,58,453.52,0.3924004312,6.5078007887,3.6351690584,0.354292246,2.076666913,0.5110298295,0.1276179063,1.8956
119,5.62,957.1516666667,0.0334700048,0.4560628297,60,520.3,0.2692381608,6.4320032009,3.5415618905,0.1023148114,2.0938236176,0.2318410089,0.3423,1.1773
157,5.04,1203.1643333333,0.0334700048,0.0731986284,57,473.69,0.4839419828,6.4845679794,3.6343527168,0.3137472808,2.1524049389,0.5009616166,0.8018196493,1.8316
160,5.03,1229.6893333333,0.077824564,0.0424497622,64,497.31,0.422495952,6.4032951886,3.4991121283,0.4408244535,1.9656649191,0.3066723204,1.5071211962,1.7991
208,4.4,959.8576666667,0.0334700048,0.1178253015,54,497.75,0.4035317929,6.3202727057,3.4414239899,0.3967420082,2.1966538988,0.5183769037,2.3856961856,1.6952
237,3.97,578.9866666667,0.0334700048,1.315942628,28,482.95,0.5027322612,6.3486634332,3.3978857723,0.4361985179,2.4368498015,0.6966114821,1.8586197137,1.1718
141,5.24,935.5983333333,0.0334700048,1.1809741532,36,518.55,0.5400643779,6.1620904699,3.2789720154,0.3844968845,2.2343783308,0.6040927697,0.118,1.1173
24,7.85,1417.1896666667,0.0334700048,0.0693890343,74,457.58,0.3545379645,6.4928032333,3.6689111771,0.3243597213,2.0493475959,0.4870838098,0.0007071068,1.8863
203,4.43,1166.1153333333,0.077824564,0.0582323661,66,451.33,0.4696603589,6.3532643343,3.4531248859,0.5107577156,1.9781307839,0.6152494379,2.0523373236,1.927
140,5.25,1195.7393333333,0.0334700048,0.1085734302,68,443.2,0.3618782359,6.3881411678,3.538568638,0.3839526568,2.1264394811,0.7442314077,0.8269640742,1.9811
84,6.23,1403.2523333333,0.0334700048,0.0321094355,74,489.22,0.3437627999,6.5160967239,3.6868706918,0.4111640428,1.8545945154,0.0985052174,1.8669982271,1.6942
262,3.19,1070.0603333333,0.0334700048,0.2576918256,62,503.87,0.4458923017,6.0990797845,3.2373385948,0.2677600384,2.1108860467,0.6465425319,0.8486837161,1.6815
215,4.22,1085.6213333333,0.0334700048,0.2576918256,62,512.33,0.3205835971,6.203990562,3.3431908864,0.2756513404,2.0873443181,0.4764713692,0,1.6799
90,6.11,767.2913333333,0.0334700048,0.0182316286,52,391.83,0.4407869015,6.9509357607,4.0120467548,0.4299398991,2.2409045419,0.5725275619,4.3450353002,2.3863
42,7.37,929.7506666667,0.0334700048,0.0119730099,64,396.99,0.4529305267,6.6322945123,3.7165311026,0.3303462263,2.1666927563,0.8348453231,0,2.392
87,6.17,1221.7176666667,0.0334700048,0.1023148114,49,464.68,0.2949673425,6.3532948111,3.5336705885,0.4821857603,2.0508113495,0.5608266659,0.327714159,1.8263
270,2.52,1020.109,0.0334700048,0.2655831276,50,517.23,0.4428013604,6.4267783426,3.5279561975,0.2323852366,2.1768545257,0.3357885035,2.1760116429,1.147
269,2.56,1423.1503333333,0.0334700048,0.2228612515,66,547.72,0.4637612026,6.2511634045,3.4038722772,0.1929287269,2.0620843705,0.3023184987,1.9894841392,1.1043
82,6.27,1482.7063333333,0.0334700048,0.0470756978,79,536.27,0.409673947,6.3436491911,3.5124457074,0.1104782273,2.0331481307,0.2538822316,1.2823357517,1.1268
222,4.18,567.303,0.0334700048,1.8174484723,34,491.54,0.287191689,6.4453095686,3.5252350589,0.7295372592,2.2980700906,0.4713012059,0.4024623958,1.2883
186,4.65,566.7406666667,0.0334700048,1.8305099376,34,489.52,0.2752456184,6.5100038225,3.5929914101,0.7200132741,2.2999372556,0.420415914,0.4934952381,1.312
183,4.66,566.5823333333,0.0334700048,1.8405781504,34,490.11,0.2884450454,6.5209501467,3.6022432813,0.7153873385,2.2902128014,0.3948372112,0.6198029203,1.2935
31,7.75,1386.8256666667,0.0334700048,0.0353748018,72,460.42,0.280595649,6.4414869131,3.602787509,0.2234054793,2.084922908,0.5627314629,0.2795332359,1.8295
37,7.6,1407.576,0.0334700048,0.029116183,74,450.89,0.3739053964,6.3904067878,3.5554396974,0.3714354191,1.9418391442,0.5268124334,0.023486379,1.9321
96,6.02,967.6436666667,0.0334700048,0.3295298847,44,484.62,0.4196031096,6.4666974459,3.6419719049,0.8764787437,2.1401255296,0.4106198151,2.6673943634,1.7302
178,4.72,816.6253333333,0.0334700048,0.7885859669,40,445.14,0.4026218442,6.5396149806,3.5875491329,0.6160657795,1.7722672848,0.1717038458,31.1619522221,2.1156
45,7.24,993.939,0.0334700048,1.4413871175,46,566.97,0.3620804165,6.5572934018,3.6095903555,0.367897939,1.6311150097,-0.5627314629,18.9925108869,0.886
182,4.67,544.0436666667,0.0334700048,1.4509111026,28,398.22,0.4200659753,6.5676274698,3.6060528754,0.500145275,2.400968597,0.9058670406,4.8701110634,2.3354
93,6.07,474.2103333333,0.0334700048,1.5967641316,26,390.98,0.3404732155,6.6800826042,3.7070071175,0.6234128537,2.3345971447,0.7140267692,13.90116544,2.358
50,7.14,552.844,0.0334700048,0.7085844919,32,394.63,0.4410062253,6.510815266,3.5505416479,0.4819136464,2.3036625648,0.9178400505,14.79378419,2.3676
142,5.23,1284.8446666667,0.0334700048,0.2546985732,78,529.55,0.4105433508,6.1126658853,3.258291362,0.2329294644,2.1521782121,0.5885822796,0.1029457138,1.1393
47,7.21,1235.3096666667,0.0334700048,0.2851753255,78,520.62,0.4026425248,6.3003830873,3.4414239899,0.1749692121,2.1633163014,0.4430013644,0.0729,1.1512
61,6.71,956.7683333333,0.0334700048,0.1104782272,52,467.8,0.56396822,6.7694567688,3.890956087,0.5366085323,2.1536129165,0.2212285684,0.0001,1.8298
10,8.85,2062.969,0.0334700048,0.005714391,99,507.21,0.2975864383,6.0392541917,3.2351616839,0.165445227,1.8172874103,0.4892607207,2.20108267,1.7187
167,4.91,977.3456666667,0.0334700048,0.2029969397,54,424.62,0.4567436582,6.6859891076,3.7856480231,0.3812315181,2.9512383815,0.6642299328,1.9975276369,1.6432
143,5.22,1451.7886666667,0.0334700048,0.0832668412,74,445.56,0.4574318342,6.4326113753,3.5845558804,0.216058405,2.6619853179,0.6900807495,0.0027730849,1.6446
